Counter:45,dude:0.04
Counter:46,dude:0.05
Counter:47,dude:0.05
Counter:48,dude:0.05
Counter:49,dude:0.05
Counter:50,dude:0.05
Counter:51,dude:0.05
Counter:52,dude:0.05
Counter:53,dude:0.05
Counter:54,dude:0.05
Counter:55,dude:0.05
Counter:56,dude:0.06
Counter:57,dude:0.06
Counter:58,dude:0.06
Counter:59,dude:0.06
Counter:60,dude:0.06
Counter:61,dude:0.06
Counter:62,dude:0.06
Counter:63,dude:0.06
Counter:64,dude:0.06
Counter:65,dude:0.06
Counter:66,dude:0.07
Counter:67,dude:0.07
Counter:68,dude:0.07
Counter:69,dude:0.07
Counter:70,dude:0.07
Counter:71,dude:0.07
Counter:72,dude:0.07
Counter:73,dude:0.07
Counter:74,dude:0.07
Counter:75,dude:0.07
Counter:76,dude:0.08
Counter:77,dude:0.08
Counter:78,dude:0.08
Counter:79,dude:0.08
Counter:80,dude:0.08
Counter:81,dude:0.08
Counter:82,dude:0.08
Counter:83,dude:0.08
Counter:84,dude:0.08
Counter:85,dude:0.08
Counter:86,dude:0.09
Counter:87,dude:0.09
Counter:88,dude:0.09
Counter:89,dude:0.09
Counter:90,dude:0.09
Counter:91,dude:0.09
Counter:92,dude:0.09
Counter:93,dude:0.09
Counter:94,dude:0.09
Counter:95,dude:0.09
Counter:96,dude:0.10
Counter:97,dude:0.10
Counter:98,dude:0.10
Counter:99,dude:0.10
Counter:100,dude:0.10
Counter:101,dude:0.10
Counter:102,dude:0.10
Counter:103,dude:0.10
Counter:104,dude:0.10
Counter:105,dude:0.10
Counter:106,dude:0.11
Counter:107,dude:0.11
Counter:108,dude:0.11
Counter:109,dude:0.11
Counter:110,dude:0.11
Counter:111,dude:0.11
Counter:112,dude:0.11
Counter:113,dude:0.11
Counter:114,dude:0.11
Counter:115,dude:0.11
Counter:116,dude:0.12
Counter:117,dude:0.12
Counter:118,dude:0.12
Counter:119,dude:0.12
Counter:120,dude:0.12
Counter:121,dude:0.12
Counter:122,dude:0.12
Counter:123,dude:0.12
Counter:124,dude:0.12
Counter:125,dude:0.12
Counter:126,dude:0.13
Counter:127,dude:0.13
Counter:128,dude:0.13
Counter:129,dude:0.13
Counter:130,dude:0.13
Counter:131,dude:0.13
Counter:132,dude:0.13
Counter:133,dude:0.13
Counter:134,dude:0.13
Counter:135,dude:0.13
Counter:136,dude:0.14
Counter:137,dude:0.14
Counter:138,dude:0.14
Counter:139,dude:0.14
Counter:140,dude:0.14
Counter:141,dude:0.14
Counter:142,dude:0.14
Counter:143,dude:0.14
Counter:144,dude:0.14
Counter:145,dude:0.14
Counter:146,dude:0.15
Counter:147,dude:0.15
Counter:148,dude:0.15
Counter:149,dude:0.15
Counter:150,dude:0.15
Counter:151,dude:0.15
Counter:152,dude:0.15
Counter:153,dude:0.15
Counter:154,dude:0.15
Counter:155,dude:0.15
Counter:156,dude:0.16
Counter:157,dude:0.16
Counter:158,dude:0.16
Counter:159,dude:0.16
Counter:160,dude:0.16
Counter:161,dude:0.16
Counter:162,dude:0.16
Counter:163,dude:0.16
Counter:164,dude:0.16
Counter:165,dude:0.16
Counter:166,dude:0.17
Counter:167,dude:0.17
Counter:168,dude:0.17
Counter:169,dude:0.17
Counter:170,dude:0.17
Counter:171,dude:0.17
Counter:172,dude:0.17
Counter:173,dude:0.17
Counter:174,dude:0.17
Counter:175,dude:0.17
Counter:176,dude:0.18
Counter:177,dude:0.18
Counter:178,dude:0.18
Counter:179,dude:0.18
Counter:180,dude:0.18
Counter:181,dude:0.18
Counter:182,dude:0.18
Counter:183,dude:0.18
Counter:184,dude:0.18
Counter:185,dude:0.18
Counter:186,dude:0.18
Counter:187,dude:0.19
Counter:188,dude:0.19
Counter:189,dude:0.19
Counter:190,dude:0.19
Counter:191,dude:0.19
Counter:192,dude:0.19
Counter:193,dude:0.19
Counter:194,dude:0.19
Counter:195,dude:0.19
Counter:196,dude:0.19
Counter:197,dude:0.20
Counter:198,dude:0.20
Counter:199,dude:0.20
Counter:200,dude:0.20
Counter:201,dude:0.20
Counter:202,dude:0.20
Counter:203,dude:0.20
Counter:204,dude:0.20
Counter:205,dude:0.20
Counter:206,dude:0.20
Counter:207,dude:0.21
Counter:208,dude:0.21
Counter:209,dude:0.21
Counter:210,dude:0.21
Counter:211,dude:0.21
Counter:212,dude:0.21
Counter:213,dude:0.21
Counter:214,dude:0.21
Counter:215,dude:0.21
Counter:216,dude:0.21
Counter:217,dude:0.22
Counter:218,dude:0.22
Counter:219,dude:0.22
Counter:220,dude:0.22
Counter:221,dude:0.22
Counter:222,dude:0.22
Counter:223,dude:0.22
Counter:224,dude:0.22
Counter:225,dude:0.22
Counter:226,dude:0.22
Counter:227,dude:0.23
Counter:228,dude:0.23
Counter:229,dude:0.23
Counter:230,dude:0.23
Counter:231,dude:0.23
Counter:232,dude:0.23
Counter:233,dude:0.23
Counter:234,dude:0.23
Counter:235,dude:0.23
Counter:236,dude:0.23
Counter:237,dude:0.23
Counter:238,dude:0.24
Counter:239,dude:0.24
Counter:240,dude:0.24
Counter:241,dude:0.24
Counter:242,dude:0.24
Counter:243,dude:0.24
Counter:244,dude:0.24
Counter:245,dude:0.24
Counter:246,dude:0.24
Counter:247,dude:0.24
Counter:248,dude:0.25
Counter:249,dude:0.25
Counter:250,dude:0.25
Counter:251,dude:0.25
Counter:252,dude:0.25
Counter:253,dude:0.25
Counter:254,dude:0.25
Counter:255,dude:0.25
Counter:256,dude:0.25
Counter:257,dude:0.25
Counter:258,dude:0.26
Counter:259,dude:0.26
Counter:260,dude:0.26
Counter:261,dude:0.26
Counter:262,dude:0.26
Counter:263,dude:0.26
Counter:264,dude:0.26
Counter:265,dude:0.26
Counter:266,dude:0.26
Counter:267,dude:0.26
Counter:268,dude:0.26
Counter:269,dude:0.27
Counter:270,dude:0.27
Counter:271,dude:0.27
Counter:272,dude:0.27
Counter:273,dude:0.27
Counter:274,dude:0.27
Counter:275,dude:0.27
Counter:276,dude:0.27
Counter:277,dude:0.27
Counter:278,dude:0.27
Counter:279,dude:0.28
Counter:280,dude:0.28
Counter:281,dude:0.28
Counter:282,dude:0.28
Counter:283,dude:0.28
Counter:284,dude:0.28
Counter:285,dude:0.28
Counter:286,dude:0.28
Counter:287,dude:0.28
Counter:288,dude:0.28
Counter:289,dude:0.28
Counter:290,dude:0.29
Counter:291,dude:0.29
Counter:292,dude:0.29
Counter:293,dude:0.29
Counter:294,dude:0.29
Counter:295,dude:0.29
Counter:296,dude:0.29
Counter:297,dude:0.29
Counter:298,dude:0.29
Counter:299,dude:0.29
Counter:300,dude:0.30
Counter:301,dude:0.30
Counter:302,dude:0.30
Counter:303,dude:0.30
Counter:304,dude:0.30
Counter:305,dude:0.30
Counter:306,dude:0.30
Counter:307,dude:0.30
Counter:308,dude:0.30
Counter:309,dude:0.30
Counter:310,dude:0.31
Counter:311,dude:0.31
Counter:312,dude:0.31
Counter:313,dude:0.31
Counter:314,dude:0.31
Counter:315,dude:0.31
Counter:316,dude:0.31
Counter:317,dude:0.31
Counter:318,dude:0.31
Counter:319,dude:0.31
Counter:320,dude:0.31
Counter:321,dude:0.32
Counter:322,dude:0.32
Counter:323,dude:0.32
Counter:324,dude:0.32
Counter:325,dude:0.32
Counter:326,dude:0.32
Counter:327,dude:0.32
Counter:328,dude:0.32
Counter:329,dude:0.32
Counter:330,dude:0.32
Counter:331,dude:0.32
Counter:332,dude:0.33
Counter:333,dude:0.33
Counter:334,dude:0.33
Counter:335,dude:0.33
Counter:336,dude:0.33
Counter:337,dude:0.33
Counter:338,dude:0.33
Counter:339,dude:0.33
Counter:340,dude:0.33
Counter:341,dude:0.33
Counter:342,dude:0.34
Counter:343,dude:0.34
Counter:344,dude:0.34
Counter:345,dude:0.34
Counter:346,dude:0.34
Counter:347,dude:0.34
Counter:348,dude:0.34
Counter:349,dude:0.34
Counter:350,dude:0.34
Counter:351,dude:0.34
Counter:352,dude:0.34
Counter:353,dude:0.35
Counter:354,dude:0.35
Counter:355,dude:0.35
Counter:356,dude:0.35
Counter:357,dude:0.35
Counter:358,dude:0.35
Counter:359,dude:0.35
Counter:360,dude:0.35
Counter:361,dude:0.35
Counter:362,dude:0.35
Counter:363,dude:0.36
Counter:364,dude:0.36
Counter:365,dude:0.36
Counter:366,dude:0.36
Counter:367,dude:0.36
Counter:368,dude:0.36
Counter:369,dude:0.36
Counter:370,dude:0.36
Counter:371,dude:0.36
Counter:372,dude:0.36
Counter:373,dude:0.36
Counter:374,dude:0.37
Counter:375,dude:0.37
Counter:376,dude:0.37
Counter:377,dude:0.37
Counter:378,dude:0.37
Counter:379,dude:0.37
Counter:380,dude:0.37
Counter:381,dude:0.37
Counter:382,dude:0.37
Counter:383,dude:0.37
Counter:384,dude:0.37
Counter:385,dude:0.38
Counter:386,dude:0.38
Counter:387,dude:0.38
Counter:388,dude:0.38
Counter:389,dude:0.38
Counter:390,dude:0.38
Counter:391,dude:0.38
Counter:392,dude:0.38
Counter:393,dude:0.38
Counter:394,dude:0.38
Counter:395,dude:0.38
Counter:396,dude:0.39
Counter:397,dude:0.39
Counter:398,dude:0.39
Counter:399,dude:0.39
Counter:400,dude:0.39
Counter:401,dude:0.39
Counter:402,dude:0.39
Counter:403,dude:0.39
Counter:404,dude:0.39
Counter:405,dude:0.39
Counter:406,dude:0.39
Counter:407,dude:0.40
Counter:408,dude:0.40
Counter:409,dude:0.40
Counter:410,dude:0.40
Counter:411,dude:0.40
Counter:412,dude:0.40
Counter:413,dude:0.40
Counter:414,dude:0.40
Counter:415,dude:0.40
Counter:416,dude:0.40
Counter:417,dude:0.41
Counter:418,dude:0.41
Counter:419,dude:0.41
Counter:420,dude:0.41
Counter:421,dude:0.41
Counter:422,dude:0.41
Counter:423,dude:0.41
Counter:424,dude:0.41
Counter:425,dude:0.41
Counter:426,dude:0.41
Counter:427,dude:0.41
Counter:428,dude:0.42
Counter:429,dude:0.42
Counter:430,dude:0.42
Counter:431,dude:0.42
Counter:432,dude:0.42
Counter:433,dude:0.42
Counter:434,dude:0.42
Counter:435,dude:0.42
Counter:436,dude:0.42
Counter:437,dude:0.42
Counter:438,dude:0.42
Counter:439,dude:0.43
Counter:440,dude:0.43
Counter:441,dude:0.43
Counter:442,dude:0.43
Counter:443,dude:0.43
Counter:444,dude:0.43
Counter:445,dude:0.43
Counter:446,dude:0.43
Counter:447,dude:0.43
Counter:448,dude:0.43
Counter:449,dude:0.43
Counter:450,dude:0.43
Counter:451,dude:0.44
Counter:452,dude:0.44
Counter:453,dude:0.44
Counter:454,dude:0.44
Counter:455,dude:0.44
Counter:456,dude:0.44
Counter:457,dude:0.44
Counter:458,dude:0.44
Counter:459,dude:0.44
Counter:460,dude:0.44
Counter:461,dude:0.44
Counter:462,dude:0.45
Counter:463,dude:0.45
Counter:464,dude:0.45
Counter:465,dude:0.45
Counter:466,dude:0.45
Counter:467,dude:0.45
Counter:468,dude:0.45
Counter:469,dude:0.45
Counter:470,dude:0.45
Counter:471,dude:0.45
Counter:472,dude:0.45
Counter:473,dude:0.46
Counter:474,dude:0.46
Counter:475,dude:0.46
Counter:476,dude:0.46
Counter:477,dude:0.46
Counter:478,dude:0.46
Counter:479,dude:0.46
Counter:480,dude:0.46
Counter:481,dude:0.46
Counter:482,dude:0.46
Counter:483,dude:0.46
Counter:484,dude:0.47
Counter:485,dude:0.47
Counter:486,dude:0.47
Counter:487,dude:0.47
Counter:488,dude:0.47
Counter:489,dude:0.47
Counter:490,dude:0.47
Counter:491,dude:0.47
Counter:492,dude:0.47
Counter:493,dude:0.47
Counter:494,dude:0.47
Counter:495,dude:0.48
Counter:496,dude:0.48
Counter:497,dude:0.48
Counter:498,dude:0.48
Counter:499,dude:0.48
Counter:500,dude:0.48
Counter:501,dude:0.48
Counter:502,dude:0.48
Counter:503,dude:0.48
Counter:504,dude:0.48
Counter:505,dude:0.48
Counter:506,dude:0.48
Counter:507,dude:0.49
Counter:508,dude:0.49
Counter:509,dude:0.49
Counter:510,dude:0.49
Counter:511,dude:0.49
Counter:512,dude:0.49
Counter:513,dude:0.49
Counter:514,dude:0.49
Counter:515,dude:0.49
Counter:516,dude:0.49
Counter:517,dude:0.49
Counter:518,dude:0.50
Counter:519,dude:0.50
Counter:520,dude:0.50
Counter:521,dude:0.50
Counter:522,dude:0.50
Counter:523,dude:0.50
Counter:524,dude:0.50
Counter:525,dude:0.50
Counter:526,dude:0.50
Counter:527,dude:0.50
Counter:528,dude:0.50
Counter:529,dude:0.50
Counter:530,dude:0.51
Counter:531,dude:0.51
Counter:532,dude:0.51
Counter:533,dude:0.51
Counter:534,dude:0.51
Counter:535,dude:0.51
Counter:536,dude:0.51
Counter:537,dude:0.51
Counter:538,dude:0.51
Counter:539,dude:0.51
Counter:540,dude:0.51
Counter:541,dude:0.51
Counter:542,dude:0.52
Counter:543,dude:0.52
Counter:544,dude:0.52
Counter:545,dude:0.52
Counter:546,dude:0.52
Counter:547,dude:0.52
Counter:548,dude:0.52
Counter:549,dude:0.52
Counter:550,dude:0.52
Counter:551,dude:0.52
Counter:552,dude:0.52
Counter:553,dude:0.53
Counter:554,dude:0.53
Counter:555,dude:0.53
Counter:556,dude:0.53
Counter:557,dude:0.53
Counter:558,dude:0.53
Counter:559,dude:0.53
Counter:560,dude:0.53
Counter:561,dude:0.53
Counter:562,dude:0.53
Counter:563,dude:0.53
Counter:564,dude:0.53
Counter:565,dude:0.54
Counter:566,dude:0.54
Counter:567,dude:0.54
Counter:568,dude:0.54
Counter:569,dude:0.54
Counter:570,dude:0.54
Counter:571,dude:0.54
Counter:572,dude:0.54
Counter:573,dude:0.54
Counter:574,dude:0.54
Counter:575,dude:0.54
Counter:576,dude:0.54
Counter:577,dude:0.55
Counter:578,dude:0.55
Counter:579,dude:0.55
Counter:580,dude:0.55
Counter:581,dude:0.55
Counter:582,dude:0.55
Counter:583,dude:0.55
Counter:584,dude:0.55
Counter:585,dude:0.55
Counter:586,dude:0.55
Counter:587,dude:0.55
Counter:588,dude:0.55
Counter:589,dude:0.56
Counter:590,dude:0.56
Counter:591,dude:0.56
Counter:592,dude:0.56
Counter:593,dude:0.56
Counter:594,dude:0.56
Counter:595,dude:0.56
Counter:596,dude:0.56
Counter:597,dude:0.56
Counter:598,dude:0.56
Counter:599,dude:0.56
Counter:600,dude:0.56
Counter:601,dude:0.57
Counter:602,dude:0.57
Counter:603,dude:0.57
Counter:604,dude:0.57
Counter:605,dude:0.57
Counter:606,dude:0.57
Counter:607,dude:0.57
Counter:608,dude:0.57
Counter:609,dude:0.57
Counter:610,dude:0.57
Counter:611,dude:0.57
Counter:612,dude:0.57
Counter:613,dude:0.58
Counter:614,dude:0.58
Counter:615,dude:0.58
Counter:616,dude:0.58
Counter:617,dude:0.58
Counter:618,dude:0.58
Counter:619,dude:0.58
Counter:620,dude:0.58
Counter:621,dude:0.58
Counter:622,dude:0.58
Counter:623,dude:0.58
Counter:624,dude:0.58
Counter:625,dude:0.59
Counter:626,dude:0.59
Counter:627,dude:0.59
Counter:628,dude:0.59
Counter:629,dude:0.59
Counter:630,dude:0.59
Counter:631,dude:0.59
Counter:632,dude:0.59
Counter:633,dude:0.59
Counter:634,dude:0.59
Counter:635,dude:0.59
Counter:636,dude:0.59
Counter:637,dude:0.59
Counter:638,dude:0.60
Counter:639,dude:0.60
Counter:640,dude:0.60
Counter:641,dude:0.60
Counter:642,dude:0.60
Counter:643,dude:0.60
Counter:644,dude:0.60
Counter:645,dude:0.60
Counter:646,dude:0.60
Counter:647,dude:0.60
Counter:648,dude:0.60
Counter:649,dude:0.60
Counter:650,dude:0.61
Counter:651,dude:0.61
Counter:652,dude:0.61
Counter:653,dude:0.61
Counter:654,dude:0.61
Counter:655,dude:0.61
Counter:656,dude:0.61
Counter:657,dude:0.61
Counter:658,dude:0.61
Counter:659,dude:0.61
Counter:660,dude:0.61
Counter:661,dude:0.61
Counter:662,dude:0.61
Counter:663,dude:0.62
Counter:664,dude:0.62
Counter:665,dude:0.62
Counter:666,dude:0.62
Counter:667,dude:0.62
Counter:668,dude:0.62
Counter:669,dude:0.62
Counter:670,dude:0.62
Counter:671,dude:0.62
Counter:672,dude:0.62
Counter:673,dude:0.62
Counter:674,dude:0.62
Counter:675,dude:0.62
Counter:676,dude:0.63
Counter:677,dude:0.63
Counter:678,dude:0.63
Counter:679,dude:0.63
Counter:680,dude:0.63
Counter:681,dude:0.63
Counter:682,dude:0.63
Counter:683,dude:0.63
Counter:684,dude:0.63
Counter:685,dude:0.63
Counter:686,dude:0.63
Counter:687,dude:0.63
Counter:688,dude:0.63
Counter:689,dude:0.64
Counter:690,dude:0.64
Counter:691,dude:0.64
Counter:692,dude:0.64
Counter:693,dude:0.64
Counter:694,dude:0.64
Counter:695,dude:0.64
Counter:696,dude:0.64
Counter:697,dude:0.64
Counter:698,dude:0.64
Counter:699,dude:0.64
Counter:700,dude:0.64
Counter:701,dude:0.64
Counter:702,dude:0.65
Counter:703,dude:0.65
Counter:704,dude:0.65
Counter:705,dude:0.65
Counter:706,dude:0.65
Counter:707,dude:0.65
Counter:708,dude:0.65
Counter:709,dude:0.65
Counter:710,dude:0.65
Counter:711,dude:0.65
Counter:712,dude:0.65
Counter:713,dude:0.65
Counter:714,dude:0.65
Counter:715,dude:0.66
Counter:716,dude:0.66
Counter:717,dude:0.66
Counter:718,dude:0.66
Counter:719,dude:0.66
Counter:720,dude:0.66
Counter:721,dude:0.66
Counter:722,dude:0.66
Counter:723,dude:0.66
Counter:724,dude:0.66
Counter:725,dude:0.66
Counter:726,dude:0.66
Counter:727,dude:0.66
Counter:728,dude:0.67
Counter:729,dude:0.67
Counter:730,dude:0.67
Counter:731,dude:0.67
Counter:732,dude:0.67
Counter:733,dude:0.67
Counter:734,dude:0.67
Counter:735,dude:0.67
Counter:736,dude:0.67
Counter:737,dude:0.67
Counter:738,dude:0.67
Counter:739,dude:0.67
Counter:740,dude:0.67
Counter:741,dude:0.68
Counter:742,dude:0.68
Counter:743,dude:0.68
Counter:744,dude:0.68
Counter:745,dude:0.68
Counter:746,dude:0.68
Counter:747,dude:0.68
Counter:748,dude:0.68
Counter:749,dude:0.68
Counter:750,dude:0.68
Counter:751,dude:0.68
Counter:752,dude:0.68
Counter:753,dude:0.68
Counter:754,dude:0.68
Counter:755,dude:0.69
Counter:756,dude:0.69
Counter:757,dude:0.69
Counter:758,dude:0.69
Counter:759,dude:0.69
Counter:760,dude:0.69
Counter:761,dude:0.69
Counter:762,dude:0.69
Counter:763,dude:0.69
Counter:764,dude:0.69
Counter:765,dude:0.69
Counter:766,dude:0.69
Counter:767,dude:0.69
Counter:768,dude:0.69
Counter:769,dude:0.70
Counter:770,dude:0.70
Counter:771,dude:0.70
Counter:772,dude:0.70
Counter:773,dude:0.70
Counter:774,dude:0.70
Counter:775,dude:0.70
Counter:776,dude:0.70
Counter:777,dude:0.70
Counter:778,dude:0.70
Counter:779,dude:0.70
Counter:780,dude:0.70
Counter:781,dude:0.70
Counter:782,dude:0.70
Counter:783,dude:0.71
Counter:784,dude:0.71
Counter:785,dude:0.71
Counter:786,dude:0.71
Counter:787,dude:0.71
Counter:788,dude:0.71
Counter:789,dude:0.71
Counter:790,dude:0.71
Counter:791,dude:0.71
Counter:792,dude:0.71
Counter:793,dude:0.71
Counter:794,dude:0.71
Counter:795,dude:0.71
Counter:796,dude:0.71
Counter:797,dude:0.72
Counter:798,dude:0.72
Counter:799,dude:0.72
Counter:800,dude:0.72
Counter:801,dude:0.72
Counter:802,dude:0.72
Counter:803,dude:0.72
Counter:804,dude:0.72
Counter:805,dude:0.72
Counter:806,dude:0.72
Counter:807,dude:0.72
Counter:808,dude:0.72
Counter:809,dude:0.72
Counter:810,dude:0.72
Counter:811,dude:0.72
Counter:812,dude:0.73
Counter:813,dude:0.73
Counter:814,dude:0.73
Counter:815,dude:0.73
Counter:816,dude:0.73
Counter:817,dude:0.73
Counter:818,dude:0.73
Counter:819,dude:0.73
Counter:820,dude:0.73
Counter:821,dude:0.73
Counter:822,dude:0.73
Counter:823,dude:0.73
Counter:824,dude:0.73
Counter:825,dude:0.73
Counter:826,dude:0.74
Counter:827,dude:0.74
Counter:828,dude:0.74
Counter:829,dude:0.74
Counter:830,dude:0.74
Counter:831,dude:0.74
Counter:832,dude:0.74
Counter:833,dude:0.74
Counter:834,dude:0.74
Counter:835,dude:0.74
Counter:836,dude:0.74
Counter:837,dude:0.74
Counter:838,dude:0.74
Counter:839,dude:0.74
Counter:840,dude:0.74
Counter:841,dude:0.75
Counter:842,dude:0.75
Counter:843,dude:0.75
Counter:844,dude:0.75
Counter:845,dude:0.75
Counter:846,dude:0.75
Counter:847,dude:0.75
Counter:848,dude:0.75
Counter:849,dude:0.75
Counter:850,dude:0.75
Counter:851,dude:0.75
Counter:852,dude:0.75
Counter:853,dude:0.75
Counter:854,dude:0.75
Counter:855,dude:0.75
Counter:856,dude:0.76
Counter:857,dude:0.76
Counter:858,dude:0.76
Counter:859,dude:0.76
Counter:860,dude:0.76
Counter:861,dude:0.76
Counter:862,dude:0.76
Counter:863,dude:0.76
Counter:864,dude:0.76
Counter:865,dude:0.76
Counter:866,dude:0.76
Counter:867,dude:0.76
Counter:868,dude:0.76
Counter:869,dude:0.76
Counter:870,dude:0.76
Counter:871,dude:0.76
Counter:872,dude:0.77
Counter:873,dude:0.77
Counter:874,dude:0.77
Counter:875,dude:0.77
Counter:876,dude:0.77
Counter:877,dude:0.77
Counter:878,dude:0.77
Counter:879,dude:0.77
Counter:880,dude:0.77
Counter:881,dude:0.77
Counter:882,dude:0.77
Counter:883,dude:0.77
Counter:884,dude:0.77
Counter:885,dude:0.77
Counter:886,dude:0.77
Counter:887,dude:0.78
Counter:888,dude:0.78
Counter:889,dude:0.78
Counter:890,dude:0.78
Counter:891,dude:0.78
Counter:892,dude:0.78
Counter:893,dude:0.78
Counter:894,dude:0.78
Counter:895,dude:0.78
Counter:896,dude:0.78
Counter:897,dude:0.78
Counter:898,dude:0.78
Counter:899,dude:0.78
Counter:900,dude:0.78
Counter:901,dude:0.78
Counter:902,dude:0.78
Counter:903,dude:0.79
Counter:904,dude:0.79
Counter:905,dude:0.79
Counter:906,dude:0.79
Counter:907,dude:0.79
Counter:908,dude:0.79
Counter:909,dude:0.79
Counter:910,dude:0.79
Counter:911,dude:0.79
Counter:912,dude:0.79
Counter:913,dude:0.79
Counter:914,dude:0.79
Counter:915,dude:0.79
Counter:916,dude:0.79
Counter:917,dude:0.79
Counter:918,dude:0.79
Counter:919,dude:0.79
Counter:920,dude:0.80
Counter:921,dude:0.80
Counter:922,dude:0.80
Counter:923,dude:0.80
Counter:924,dude:0.80
Counter:925,dude:0.80
Counter:926,dude:0.80
Counter:927,dude:0.80
Counter:928,dude:0.80
Counter:929,dude:0.80
Counter:930,dude:0.80
Counter:931,dude:0.80
Counter:932,dude:0.80
Counter:933,dude:0.80
Counter:934,dude:0.80
Counter:935,dude:0.80
Counter:936,dude:0.81
Counter:937,dude:0.81
Counter:938,dude:0.81
Counter:939,dude:0.81
Counter:940,dude:0.81
Counter:941,dude:0.81
Counter:942,dude:0.81
Counter:943,dude:0.81
Counter:944,dude:0.81
Counter:945,dude:0.81
Counter:946,dude:0.81
Counter:947,dude:0.81
Counter:948,dude:0.81
Counter:949,dude:0.81
Counter:950,dude:0.81
Counter:951,dude:0.81
Counter:952,dude:0.81
Counter:953,dude:0.82
Counter:954,dude:0.82
Counter:955,dude:0.82
Counter:956,dude:0.82
Counter:957,dude:0.82
Counter:958,dude:0.82
Counter:959,dude:0.82
Counter:960,dude:0.82
Counter:961,dude:0.82
Counter:962,dude:0.82
Counter:963,dude:0.82
Counter:964,dude:0.82
Counter:965,dude:0.82
Counter:966,dude:0.82
Counter:967,dude:0.82
Counter:968,dude:0.82
Counter:969,dude:0.82
Counter:970,dude:0.82
Counter:971,dude:0.83
Counter:972,dude:0.83
Counter:973,dude:0.83
Counter:974,dude:0.83
Counter:975,dude:0.83
Counter:976,dude:0.83
Counter:977,dude:0.83
Counter:978,dude:0.83
Counter:979,dude:0.83
Counter:980,dude:0.83
Counter:981,dude:0.83
Counter:982,dude:0.83
Counter:983,dude:0.83
Counter:984,dude:0.83
Counter:985,dude:0.83
Counter:986,dude:0.83
Counter:987,dude:0.83
Counter:988,dude:0.83
Counter:989,dude:0.84
Counter:990,dude:0.84
Counter:991,dude:0.84
Counter:992,dude:0.84
Counter:993,dude:0.84
Counter:994,dude:0.84
Counter:995,dude:0.84
Counter:996,dude:0.84
Counter:997,dude:0.84
Counter:998,dude:0.84
Counter:999,dude:0.84
Counter:1000,dude:0.84
Counter:1001,dude:0.84
Counter:1002,dude:0.84
Counter:1003,dude:0.84
Counter:1004,dude:0.84
Counter:1005,dude:0.84
Counter:1006,dude:0.84
Counter:1007,dude:0.85
Counter:1008,dude:0.85
Counter:1009,dude:0.85
Counter:1010,dude:0.85
Counter:1011,dude:0.85
Counter:1012,dude:0.85
Counter:1013,dude:0.85
Counter:1014,dude:0.85
Counter:1015,dude:0.85
Counter:1016,dude:0.85
Counter:1017,dude:0.85
Counter:1018,dude:0.85
Counter:1019,dude:0.85
Counter:1020,dude:0.85
Counter:1021,dude:0.85
Counter:1022,dude:0.85
Counter:1023,dude:0.85
Counter:1024,dude:0.85
Counter:1025,dude:0.85
Counter:1026,dude:0.86
Counter:1027,dude:0.86
Counter:1028,dude:0.86
Counter:1029,dude:0.86
Counter:1030,dude:0.86
Counter:1031,dude:0.86
Counter:1032,dude:0.86
Counter:1033,dude:0.86
Counter:1034,dude:0.86
Counter:1035,dude:0.86
Counter:1036,dude:0.86
Counter:1037,dude:0.86
Counter:1038,dude:0.86
Counter:1039,dude:0.86
Counter:1040,dude:0.86
Counter:1041,dude:0.86
Counter:1042,dude:0.86
Counter:1043,dude:0.86
Counter:1044,dude:0.86
Counter:1045,dude:0.86
Counter:1046,dude:0.87
Counter:1047,dude:0.87
Counter:1048,dude:0.87
Counter:1049,dude:0.87
Counter:1050,dude:0.87
Counter:1051,dude:0.87
Counter:1052,dude:0.87
Counter:1053,dude:0.87
Counter:1054,dude:0.87
Counter:1055,dude:0.87
Counter:1056,dude:0.87
Counter:1057,dude:0.87
Counter:1058,dude:0.87
Counter:1059,dude:0.87
Counter:1060,dude:0.87
Counter:1061,dude:0.87
Counter:1062,dude:0.87
Counter:1063,dude:0.87
Counter:1064,dude:0.87
Counter:1065,dude:0.87
Counter:1066,dude:0.88
Counter:1067,dude:0.88
Counter:1068,dude:0.88
Counter:1069,dude:0.88
Counter:1070,dude:0.88
Counter:1071,dude:0.88
Counter:1072,dude:0.88
Counter:1073,dude:0.88
Counter:1074,dude:0.88
Counter:1075,dude:0.88
Counter:1076,dude:0.88
Counter:1077,dude:0.88
Counter:1078,dude:0.88
Counter:1079,dude:0.88
Counter:1080,dude:0.88
Counter:1081,dude:0.88
Counter:1082,dude:0.88
Counter:1083,dude:0.88
Counter:1084,dude:0.88
Counter:1085,dude:0.88
Counter:1086,dude:0.88
Counter:1087,dude:0.89
Counter:1088,dude:0.89
Counter:1089,dude:0.89
Counter:1090,dude:0.89
Counter:1091,dude:0.89
Counter:1092,dude:0.89
Counter:1093,dude:0.89
Counter:1094,dude:0.89
Counter:1095,dude:0.89
Counter:1096,dude:0.89
Counter:1097,dude:0.89
Counter:1098,dude:0.89
Counter:1099,dude:0.89
Counter:1100,dude:0.89
Counter:1101,dude:0.89
Counter:1102,dude:0.89
Counter:1103,dude:0.89
Counter:1104,dude:0.89
Counter:1105,dude:0.89
Counter:1106,dude:0.89
Counter:1107,dude:0.89
Counter:1108,dude:0.89
Counter:1109,dude:0.90
Counter:1110,dude:0.90
Counter:1111,dude:0.90
Counter:1112,dude:0.90
Counter:1113,dude:0.90
Counter:1114,dude:0.90
Counter:1115,dude:0.90
Counter:1116,dude:0.90
Counter:1117,dude:0.90
Counter:1118,dude:0.90
Counter:1119,dude:0.90
Counter:1120,dude:0.90
Counter:1121,dude:0.90
Counter:1122,dude:0.90
Counter:1123,dude:0.90
Counter:1124,dude:0.90
Counter:1125,dude:0.90
Counter:1126,dude:0.90
Counter:1127,dude:0.90
Counter:1128,dude:0.90
Counter:1129,dude:0.90
Counter:1130,dude:0.90
Counter:1131,dude:0.90
Counter:1132,dude:0.91
Counter:1133,dude:0.91
Counter:1134,dude:0.91
Counter:1135,dude:0.91
Counter:1136,dude:0.91
Counter:1137,dude:0.91
Counter:1138,dude:0.91
Counter:1139,dude:0.91
Counter:1140,dude:0.91
Counter:1141,dude:0.91
Counter:1142,dude:0.91
Counter:1143,dude:0.91
Counter:1144,dude:0.91
Counter:1145,dude:0.91
Counter:1146,dude:0.91
Counter:1147,dude:0.91
Counter:1148,dude:0.91
Counter:1149,dude:0.91
Counter:1150,dude:0.91
Counter:1151,dude:0.91
Counter:1152,dude:0.91
Counter:1153,dude:0.91
Counter:1154,dude:0.91
Counter:1155,dude:0.91
Counter:1156,dude:0.92
Counter:1157,dude:0.92
Counter:1158,dude:0.92
Counter:1159,dude:0.92
Counter:1160,dude:0.92
Counter:1161,dude:0.92
Counter:1162,dude:0.92
Counter:1163,dude:0.92
Counter:1164,dude:0.92
Counter:1165,dude:0.92
Counter:1166,dude:0.92
Counter:1167,dude:0.92
Counter:1168,dude:0.92
Counter:1169,dude:0.92
Counter:1170,dude:0.92
Counter:1171,dude:0.92
Counter:1172,dude:0.92
Counter:1173,dude:0.92
Counter:1174,dude:0.92
Counter:1175,dude:0.92
Counter:1176,dude:0.92
Counter:1177,dude:0.92
Counter:1178,dude:0.92
Counter:1179,dude:0.92
Counter:1180,dude:0.92
Counter:1181,dude:0.92
Counter:1182,dude:0.93
Counter:1183,dude:0.93
Counter:1184,dude:0.93
Counter:1185,dude:0.93
Counter:1186,dude:0.93
Counter:1187,dude:0.93
Counter:1188,dude:0.93
Counter:1189,dude:0.93
Counter:1190,dude:0.93
Counter:1191,dude:0.93
Counter:1192,dude:0.93
Counter:1193,dude:0.93
Counter:1194,dude:0.93
Counter:1195,dude:0.93
Counter:1196,dude:0.93
Counter:1197,dude:0.93
Counter:1198,dude:0.93
Counter:1199,dude:0.93
Counter:1200,dude:0.93
Counter:1201,dude:0.93
Counter:1202,dude:0.93
Counter:1203,dude:0.93
Counter:1204,dude:0.93
Counter:1205,dude:0.93
Counter:1206,dude:0.93
Counter:1207,dude:0.93
Counter:1208,dude:0.93
Counter:1209,dude:0.94
Counter:1210,dude:0.94
Counter:1211,dude:0.94
Counter:1212,dude:0.94
Counter:1213,dude:0.94
Counter:1214,dude:0.94
Counter:1215,dude:0.94
Counter:1216,dude:0.94
Counter:1217,dude:0.94
Counter:1218,dude:0.94
Counter:1219,dude:0.94
Counter:1220,dude:0.94
Counter:1221,dude:0.94
Counter:1222,dude:0.94
Counter:1223,dude:0.94
Counter:1224,dude:0.94
Counter:1225,dude:0.94
Counter:1226,dude:0.94
Counter:1227,dude:0.94
Counter:1228,dude:0.94
Counter:1229,dude:0.94
Counter:1230,dude:0.94
Counter:1231,dude:0.94
Counter:1232,dude:0.94
Counter:1233,dude:0.94
Counter:1234,dude:0.94
Counter:1235,dude:0.94
Counter:1236,dude:0.94
Counter:1237,dude:0.94
Counter:1238,dude:0.95
Counter:1239,dude:0.95
Counter:1240,dude:0.95
Counter:1241,dude:0.95
Counter:1242,dude:0.95
Counter:1243,dude:0.95
Counter:1244,dude:0.95
Counter:1245,dude:0.95
Counter:1246,dude:0.95
Counter:1247,dude:0.95
Counter:1248,dude:0.95
Counter:1249,dude:0.95
Counter:1250,dude:0.95
Counter:1251,dude:0.95
Counter:1252,dude:0.95
Counter:1253,dude:0.95
Counter:1254,dude:0.95
Counter:1255,dude:0.95
Counter:1256,dude:0.95
Counter:1257,dude:0.95
Counter:1258,dude:0.95
Counter:1259,dude:0.95
Counter:1260,dude:0.95
Counter:1261,dude:0.95
Counter:1262,dude:0.95
Counter:1263,dude:0.95
Counter:1264,dude:0.95
Counter:1265,dude:0.95
Counter:1266,dude:0.95
Counter:1267,dude:0.95
Counter:1268,dude:0.95
Counter:1269,dude:0.95
Counter:1270,dude:0.96
Counter:1271,dude:0.96
Counter:1272,dude:0.96
Counter:1273,dude:0.96
Counter:1274,dude:0.96
Counter:1275,dude:0.96
Counter:1276,dude:0.96
Counter:1277,dude:0.96
Counter:1278,dude:0.96
Counter:1279,dude:0.96
Counter:1280,dude:0.96
Counter:1281,dude:0.96
Counter:1282,dude:0.96
Counter:1283,dude:0.96
Counter:1284,dude:0.96
Counter:1285,dude:0.96
Counter:1286,dude:0.96
Counter:1287,dude:0.96
Counter:1288,dude:0.96
Counter:1289,dude:0.96
Counter:1290,dude:0.96
Counter:1291,dude:0.96
Counter:1292,dude:0.96
Counter:1293,dude:0.96
Counter:1294,dude:0.96
Counter:1295,dude:0.96
Counter:1296,dude:0.96
Counter:1297,dude:0.96
Counter:1298,dude:0.96
Counter:1299,dude:0.96
Counter:1300,dude:0.96
Counter:1301,dude:0.96
Counter:1302,dude:0.96
Counter:1303,dude:0.96
Counter:1304,dude:0.96
Counter:1305,dude:0.96
Counter:1306,dude:0.97
Counter:1307,dude:0.97
Counter:1308,dude:0.97
Counter:1309,dude:0.97
Counter:1310,dude:0.97
Counter:1311,dude:0.97
Counter:1312,dude:0.97
Counter:1313,dude:0.97
Counter:1314,dude:0.97
Counter:1315,dude:0.97
Counter:1316,dude:0.97
Counter:1317,dude:0.97
Counter:1318,dude:0.97
Counter:1319,dude:0.97
Counter:1320,dude:0.97
Counter:1321,dude:0.97
Counter:1322,dude:0.97
Counter:1323,dude:0.97
Counter:1324,dude:0.97
Counter:1325,dude:0.97
Counter:1326,dude:0.97
Counter:1327,dude:0.97
Counter:1328,dude:0.97
Counter:1329,dude:0.97
Counter:1330,dude:0.97
Counter:1331,dude:0.97
Counter:1332,dude:0.97
Counter:1333,dude:0.97
Counter:1334,dude:0.97
Counter:1335,dude:0.97
Counter:1336,dude:0.97
Counter:1337,dude:0.97
Counter:1338,dude:0.97
Counter:1339,dude:0.97
Counter:1340,dude:0.97
Counter:1341,dude:0.97
Counter:1342,dude:0.97
Counter:1343,dude:0.97
Counter:1344,dude:0.97
Counter:1345,dude:0.97
Counter:1346,dude:0.97
Counter:1347,dude:0.98
Counter:1348,dude:0.98
Counter:1349,dude:0.98
Counter:1350,dude:0.98
Counter:1351,dude:0.98
Counter:1352,dude:0.98
Counter:1353,dude:0.98
Counter:1354,dude:0.98
Counter:1355,dude:0.98
Counter:1356,dude:0.98
Counter:1357,dude:0.98
Counter:1358,dude:0.98
Counter:1359,dude:0.98
Counter:1360,dude:0.98
Counter:1361,dude:0.98
Counter:1362,dude:0.98
Counter:1363,dude:0.98
Counter:1364,dude:0.98
Counter:1365,dude:0.98
Counter:1366,dude:0.98
Counter:1367,dude:0.98
Counter:1368,dude:0.98
Counter:1369,dude:0.98
Counter:1370,dude:0.98
Counter:1371,dude:0.98
Counter:1372,dude:0.98
Counter:1373,dude:0.98
Counter:1374,dude:0.98
Counter:1375,dude:0.98
Counter:1376,dude:0.98
Counter:1377,dude:0.98
Counter:1378,dude:0.98
Counter:1379,dude:0.98
Counter:1380,dude:0.98
Counter:1381,dude:0.98
Counter:1382,dude:0.98
Counter:1383,dude:0.98
Counter:1384,dude:0.98
Counter:1385,dude:0.98
Counter:1386,dude:0.98
Counter:1387,dude:0.98
Counter:1388,dude:0.98
Counter:1389,dude:0.98
Counter:1390,dude:0.98
Counter:1391,dude:0.98
Counter:1392,dude:0.98
Counter:1393,dude:0.98
Counter:1394,dude:0.98
Counter:1395,dude:0.98
Counter:1396,dude:0.98
Counter:1397,dude:0.98
Counter:1398,dude:0.99
Counter:1399,dude:0.99
Counter:1400,dude:0.99
Counter:1401,dude:0.99
Counter:1402,dude:0.99
Counter:1403,dude:0.99
Counter:1404,dude:0.99
Counter:1405,dude:0.99
Counter:1406,dude:0.99
Counter:1407,dude:0.99
Counter:1408,dude:0.99
Counter:1409,dude:0.99
Counter:1410,dude:0.99
Counter:1411,dude:0.99
Counter:1412,dude:0.99
Counter:1413,dude:0.99
Counter:1414,dude:0.99
Counter:1415,dude:0.99
Counter:1416,dude:0.99
Counter:1417,dude:0.99
Counter:1418,dude:0.99
Counter:1419,dude:0.99
Counter:1420,dude:0.99
Counter:1421,dude:0.99
Counter:1422,dude:0.99
Counter:1423,dude:0.99
Counter:1424,dude:0.99
Counter:1425,dude:0.99
Counter:1426,dude:0.99
Counter:1427,dude:0.99
Counter:1428,dude:0.99
Counter:1429,dude:0.99
Counter:1430,dude:0.99
Counter:1431,dude:0.99
Counter:1432,dude:0.99
Counter:1433,dude:0.99
Counter:1434,dude:0.99
Counter:1435,dude:0.99
Counter:1436,dude:0.99
Counter:1437,dude:0.99
Counter:1438,dude:0.99
Counter:1439,dude:0.99
Counter:1440,dude:0.99
Counter:1441,dude:0.99
Counter:1442,dude:0.99
Counter:1443,dude:0.99
Counter:1444,dude:0.99
Counter:1445,dude:0.99
Counter:1446,dude:0.99
Counter:1447,dude:0.99
Counter:1448,dude:0.99
Counter:1449,dude:0.99
Counter:1450,dude:0.99
Counter:1451,dude:0.99
Counter:1452,dude:0.99
Counter:1453,dude:0.99
Counter:1454,dude:0.99
Counter:1455,dude:0.99
Counter:1456,dude:0.99
Counter:1457,dude:0.99
Counter:1458,dude:0.99
Counter:1459,dude:0.99
Counter:1460,dude:0.99
Counter:1461,dude:0.99
Counter:1462,dude:0.99
Counter:1463,dude:0.99
Counter:1464,dude:0.99
Counter:1465,dude:0.99
Counter:1466,dude:0.99
Counter:1467,dude:0.99
Counter:1468,dude:0.99
Counter:1469,dude:0.99
Counter:1470,dude:0.99
Counter:1471,dude:1.00
Counter:1472,dude:1.00
Counter:1473,dude:1.00
Counter:1474,dude:1.00
Counter:1475,dude:1.00
Counter:1476,dude:1.00
Counter:1477,dude:1.00
Counter:1478,dude:1.00
Counter:1479,dude:1.00
Counter:1480,dude:1.00
Counter:1481,dude:1.00
Counter:1482,dude:1.00
Counter:1483,dude:1.00
Counter:1484,dude:1.00
Counter:1485,dude:1.00
Counter:1486,dude:1.00
Counter:1487,dude:1.00
Counter:1488,dude:1.00
Counter:1489,dude:1.00
Counter:1490,dude:1.00
Counter:1491,dude:1.00
Counter:1492,dude:1.00
Counter:1493,dude:1.00
Counter:1494,dude:1.00
Counter:1495,dude:1.00
Counter:1496,dude:1.00
Counter:1497,dude:1.00
Counter:1498,dude:1.00
Counter:1499,dude:1.00
Counter:1500,dude:1.00
Counter:1501,dude:1.00
Counter:1502,dude:1.00
Counter:1503,dude:1.00
Counter:1504,dude:1.00
Counter:1505,dude:1.00
Counter:1506,dude:1.00
Counter:1507,dude:1.00
Counter:1508,dude:1.00
Counter:1509,dude:1.00
Counter:1510,dude:1.00
Counter:1511,dude:1.00
Counter:1512,dude:1.00
Counter:1513,dude:1.00
Counter:1514,dude:1.00
Counter:1515,dude:1.00
Counter:1516,dude:1.00
Counter:1517,dude:1.00
Counter:1518,dude:1.00
Counter:1519,dude:1.00
Counter:1520,dude:1.00
Counter:1521,dude:1.00
Counter:1522,dude:1.00
Counter:1523,dude:1.00
Counter:1524,dude:1.00
Counter:1525,dude:1.00
Counter:1526,dude:1.00
Counter:1527,dude:1.00
Counter:1528,dude:1.00
Counter:1529,dude:1.00
Counter:1530,dude:1.00
Counter:1531,dude:1.00
Counter:1532,dude:1.00
Counter:1533,dude:1.00
Counter:1534,dude:1.00
Counter:1535,dude:1.00
Counter:1536,dude:1.00
Counter:1537,dude:1.00
Counter:1538,dude:1.00
Counter:1539,dude:1.00
Counter:1540,dude:1.00
Counter:1541,dude:1.00
Counter:1542,dude:1.00
Counter:1543,dude:1.00
Counter:1544,dude:1.00
Counter:1545,dude:1.00
Counter:1546,dude:1.00
Counter:1547,dude:1.00
Counter:1548,dude:1.00
Counter:1549,dude:1.00
Counter:1550,dude:1.00
Counter:1551,dude:1.00
Counter:1552,dude:1.00
Counter:1553,dude:1.00
Counter:1554,dude:1.00
Counter:1555,dude:1.00
Counter:1556,dude:1.00
Counter:1557,dude:1.00
Counter:1558,dude:1.00
Counter:1559,dude:1.00
Counter:1560,dude:1.00
Counter:1561,dude:1.00
Counter:1562,dude:1.00
Counter:1563,dude:1.00
Counter:1564,dude:1.00
Counter:1565,dude:1.00
Counter:1566,dude:1.00
Counter:1567,dude:1.00
Counter:1568,dude:1.00
Counter:1569,dude:1.00
Counter:1570,dude:1.00
Counter:1571,dude:1.00
Counter:1572,dude:1.00
Counter:1573,dude:1.00
Counter:1574,dude:1.00
Counter:1575,dude:1.00
Counter:1576,dude:1.00
Counter:1577,dude:1.00
Counter:1578,dude:1.00
Counter:1579,dude:1.00
Counter:1580,dude:1.00
Counter:1581,dude:1.00
Counter:1582,dude:1.00
Counter:1583,dude:1.00
Counter:1584,dude:1.00
Counter:1585,dude:1.00
Counter:1586,dude:1.00
Counter:1587,dude:1.00
Counter:1588,dude:1.00
Counter:1589,dude:1.00
Counter:1590,dude:1.00
Counter:1591,dude:1.00
Counter:1592,dude:1.00
Counter:1593,dude:1.00
Counter:1594,dude:1.00
Counter:1595,dude:1.00
Counter:1596,dude:1.00
Counter:1597,dude:1.00
Counter:1598,dude:1.00
Counter:1599,dude:1.00
Counter:1600,dude:1.00
Counter:1601,dude:1.00
Counter:1602,dude:1.00
Counter:1603,dude:1.00
Counter:1604,dude:1.00
Counter:1605,dude:1.00
Counter:1606,dude:1.00
Counter:1607,dude:1.00
Counter:1608,dude:1.00
Counter:1609,dude:1.00
Counter:1610,dude:1.00
Counter:1611,dude:1.00
Counter:1612,dude:1.00
Counter:1613,dude:1.00
Counter:1614,dude:1.00
Counter:1615,dude:1.00
Counter:1616,dude:1.00
Counter:1617,dude:1.00
Counter:1618,dude:1.00
Counter:1619,dude:1.00
Counter:1620,dude:1.00
Counter:1621,dude:1.00
Counter:1622,dude:1.00
Counter:1623,dude:1.00
Counter:1624,dude:1.00
Counter:1625,dude:1.00
Counter:1626,dude:1.00
Counter:1627,dude:1.00
Counter:1628,dude:1.00
Counter:1629,dude:1.00
Counter:1630,dude:1.00
Counter:1631,dude:1.00
Counter:1632,dude:1.00
Counter:1633,dude:1.00
Counter:1634,dude:1.00
Counter:1635,dude:1.00
Counter:1636,dude:1.00
Counter:1637,dude:1.00
Counter:1638,dude:1.00
Counter:1639,dude:1.00
Counter:1640,dude:1.00
Counter:1641,dude:1.00
Counter:1642,dude:1.00
Counter:1643,dude:1.00
Counter:1644,dude:1.00
Counter:1645,dude:1.00
Counter:1646,dude:1.00
Counter:1647,dude:1.00
Counter:1648,dude:1.00
Counter:1649,dude:1.00
Counter:1650,dude:1.00
Counter:1651,dude:1.00
Counter:1652,dude:1.00
Counter:1653,dude:1.00
Counter:1654,dude:1.00
Counter:1655,dude:1.00
Counter:1656,dude:1.00
Counter:1657,dude:1.00
Counter:1658,dude:1.00
Counter:1659,dude:1.00
Counter:1660,dude:1.00
Counter:1661,dude:1.00
Counter:1662,dude:1.00
Counter:1663,dude:1.00
Counter:1664,dude:1.00
Counter:1665,dude:1.00
Counter:1666,dude:1.00
Counter:1667,dude:1.00
Counter:1668,dude:1.00
Counter:1669,dude:1.00
Counter:1670,dude:1.00
Counter:1671,dude:0.99
Counter:1672,dude:0.99
Counter:1673,dude:0.99
Counter:1674,dude:0.99
Counter:1675,dude:0.99
Counter:1676,dude:0.99
Counter:1677,dude:0.99
Counter:1678,dude:0.99
Counter:1679,dude:0.99
Counter:1680,dude:0.99
Counter:1681,dude:0.99
Counter:1682,dude:0.99
Counter:1683,dude:0.99
Counter:1684,dude:0.99
Counter:1685,dude:0.99
Counter:1686,dude:0.99
Counter:1687,dude:0.99
Counter:1688,dude:0.99
Counter:1689,dude:0.99
Counter:1690,dude:0.99
Counter:1691,dude:0.99
Counter:1692,dude:0.99
Counter:1693,dude:0.99
Counter:1694,dude:0.99
Counter:1695,dude:0.99
Counter:1696,dude:0.99
Counter:1697,dude:0.99
Counter:1698,dude:0.99
Counter:1699,dude:0.99
Counter:1700,dude:0.99
Counter:1701,dude:0.99
Counter:1702,dude:0.99
Counter:1703,dude:0.99
Counter:1704,dude:0.99
Counter:1705,dude:0.99
Counter:1706,dude:0.99
Counter:1707,dude:0.99
Counter:1708,dude:0.99
Counter:1709,dude:0.99
Counter:1710,dude:0.99
Counter:1711,dude:0.99
Counter:1712,dude:0.99
Counter:1713,dude:0.99
Counter:1714,dude:0.99
Counter:1715,dude:0.99
Counter:1716,dude:0.99
Counter:1717,dude:0.99
Counter:1718,dude:0.99
Counter:1719,dude:0.99
Counter:1720,dude:0.99
Counter:1721,dude:0.99
Counter:1722,dude:0.99
Counter:1723,dude:0.99
Counter:1724,dude:0.99
Counter:1725,dude:0.99
Counter:1726,dude:0.99
Counter:1727,dude:0.99
Counter:1728,dude:0.99
Counter:1729,dude:0.99
Counter:1730,dude:0.99
Counter:1731,dude:0.99
Counter:1732,dude:0.99
Counter:1733,dude:0.99
Counter:1734,dude:0.99
Counter:1735,dude:0.99
Counter:1736,dude:0.99
Counter:1737,dude:0.99
Counter:1738,dude:0.99
Counter:1739,dude:0.99
Counter:1740,dude:0.99
Counter:1741,dude:0.99
Counter:1742,dude:0.99
Counter:1743,dude:0.99
Counter:1744,dude:0.99
Counter:1745,dude:0.98
Counter:1746,dude:0.98
Counter:1747,dude:0.98
Counter:1748,dude:0.98
Counter:1749,dude:0.98
Counter:1750,dude:0.98
Counter:1751,dude:0.98
Counter:1752,dude:0.98
Counter:1753,dude:0.98
Counter:1754,dude:0.98
Counter:1755,dude:0.98
Counter:1756,dude:0.98
Counter:1757,dude:0.98
Counter:1758,dude:0.98
Counter:1759,dude:0.98
Counter:1760,dude:0.98
Counter:1761,dude:0.98
Counter:1762,dude:0.98
Counter:1763,dude:0.98
Counter:1764,dude:0.98
Counter:1765,dude:0.98
Counter:1766,dude:0.98
Counter:1767,dude:0.98
Counter:1768,dude:0.98
Counter:1769,dude:0.98
Counter:1770,dude:0.98
Counter:1771,dude:0.98
Counter:1772,dude:0.98
Counter:1773,dude:0.98
Counter:1774,dude:0.98
Counter:1775,dude:0.98
Counter:1776,dude:0.98
Counter:1777,dude:0.98
Counter:1778,dude:0.98
Counter:1779,dude:0.98
Counter:1780,dude:0.98
Counter:1781,dude:0.98
Counter:1782,dude:0.98
Counter:1783,dude:0.98
Counter:1784,dude:0.98
Counter:1785,dude:0.98
Counter:1786,dude:0.98
Counter:1787,dude:0.98
Counter:1788,dude:0.98
Counter:1789,dude:0.98
Counter:1790,dude:0.98
Counter:1791,dude:0.98
Counter:1792,dude:0.98
Counter:1793,dude:0.98
Counter:1794,dude:0.98
Counter:1795,dude:0.97
Counter:1796,dude:0.97
Counter:1797,dude:0.97
Counter:1798,dude:0.97
Counter:1799,dude:0.97
Counter:1800,dude:0.97
Counter:1801,dude:0.97
Counter:1802,dude:0.97
Counter:1803,dude:0.97
Counter:1804,dude:0.97
Counter:1805,dude:0.97
Counter:1806,dude:0.97
Counter:1807,dude:0.97
Counter:1808,dude:0.97
Counter:1809,dude:0.97
Counter:1810,dude:0.97
Counter:1811,dude:0.97
Counter:1812,dude:0.97
Counter:1813,dude:0.97
Counter:1814,dude:0.97
Counter:1815,dude:0.97
Counter:1816,dude:0.97
Counter:1817,dude:0.97
Counter:1818,dude:0.97
Counter:1819,dude:0.97
Counter:1820,dude:0.97
Counter:1821,dude:0.97
Counter:1822,dude:0.97
Counter:1823,dude:0.97
Counter:1824,dude:0.97
Counter:1825,dude:0.97
Counter:1826,dude:0.97
Counter:1827,dude:0.97
Counter:1828,dude:0.97
Counter:1829,dude:0.97
Counter:1830,dude:0.97
Counter:1831,dude:0.97
Counter:1832,dude:0.97
Counter:1833,dude:0.97
Counter:1834,dude:0.97
Counter:1835,dude:0.97
Counter:1836,dude:0.97
Counter:1837,dude:0.96
Counter:1838,dude:0.96
Counter:1839,dude:0.96
Counter:1840,dude:0.96
Counter:1841,dude:0.96
Counter:1842,dude:0.96
Counter:1843,dude:0.96
Counter:1844,dude:0.96
Counter:1845,dude:0.96
Counter:1846,dude:0.96
Counter:1847,dude:0.96
Counter:1848,dude:0.96
Counter:1849,dude:0.96
Counter:1850,dude:0.96
Counter:1851,dude:0.96
Counter:1852,dude:0.96
Counter:1853,dude:0.96
Counter:1854,dude:0.96
Counter:1855,dude:0.96
Counter:1856,dude:0.96
Counter:1857,dude:0.96
Counter:1858,dude:0.96
Counter:1859,dude:0.96
Counter:1860,dude:0.96
Counter:1861,dude:0.96
Counter:1862,dude:0.96
Counter:1863,dude:0.96
Counter:1864,dude:0.96
Counter:1865,dude:0.96
Counter:1866,dude:0.96
Counter:1867,dude:0.96
Counter:1868,dude:0.96
Counter:1869,dude:0.96
Counter:1870,dude:0.96
Counter:1871,dude:0.96
Counter:1872,dude:0.95
Counter:1873,dude:0.95
Counter:1874,dude:0.95
Counter:1875,dude:0.95
Counter:1876,dude:0.95
Counter:1877,dude:0.95
Counter:1878,dude:0.95
Counter:1879,dude:0.95
Counter:1880,dude:0.95
Counter:1881,dude:0.95
Counter:1882,dude:0.95
Counter:1883,dude:0.95
Counter:1884,dude:0.95
Counter:1885,dude:0.95
Counter:1886,dude:0.95
Counter:1887,dude:0.95
Counter:1888,dude:0.95
Counter:1889,dude:0.95
Counter:1890,dude:0.95
Counter:1891,dude:0.95
Counter:1892,dude:0.95
Counter:1893,dude:0.95
Counter:1894,dude:0.95
Counter:1895,dude:0.95
Counter:1896,dude:0.95
Counter:1897,dude:0.95
Counter:1898,dude:0.95
Counter:1899,dude:0.95
Counter:1900,dude:0.95
Counter:1901,dude:0.95
Counter:1902,dude:0.95
Counter:1903,dude:0.95
Counter:1904,dude:0.94
Counter:1905,dude:0.94
Counter:1906,dude:0.94
Counter:1907,dude:0.94
Counter:1908,dude:0.94
Counter:1909,dude:0.94
Counter:1910,dude:0.94
Counter:1911,dude:0.94
Counter:1912,dude:0.94
Counter:1913,dude:0.94
Counter:1914,dude:0.94
Counter:1915,dude:0.94
Counter:1916,dude:0.94
Counter:1917,dude:0.94
Counter:1918,dude:0.94
Counter:1919,dude:0.94
Counter:1920,dude:0.94
Counter:1921,dude:0.94
Counter:1922,dude:0.94
Counter:1923,dude:0.94
Counter:1924,dude:0.94
Counter:1925,dude:0.94
Counter:1926,dude:0.94
Counter:1927,dude:0.94
Counter:1928,dude:0.94
Counter:1929,dude:0.94
Counter:1930,dude:0.94
Counter:1931,dude:0.94
Counter:1932,dude:0.94
Counter:1933,dude:0.94
Counter:1934,dude:0.93
Counter:1935,dude:0.93
Counter:1936,dude:0.93
Counter:1937,dude:0.93
Counter:1938,dude:0.93
Counter:1939,dude:0.93
Counter:1940,dude:0.93
Counter:1941,dude:0.93
Counter:1942,dude:0.93
Counter:1943,dude:0.93
Counter:1944,dude:0.93
Counter:1945,dude:0.93
Counter:1946,dude:0.93
Counter:1947,dude:0.93
Counter:1948,dude:0.93
Counter:1949,dude:0.93
Counter:1950,dude:0.93
Counter:1951,dude:0.93
Counter:1952,dude:0.93
Counter:1953,dude:0.93
Counter:1954,dude:0.93
Counter:1955,dude:0.93
Counter:1956,dude:0.93
Counter:1957,dude:0.93
Counter:1958,dude:0.93
Counter:1959,dude:0.93
Counter:1960,dude:0.93
Counter:1961,dude:0.92
Counter:1962,dude:0.92
Counter:1963,dude:0.92
Counter:1964,dude:0.92
Counter:1965,dude:0.92
Counter:1966,dude:0.92
Counter:1967,dude:0.92
Counter:1968,dude:0.92
Counter:1969,dude:0.92
Counter:1970,dude:0.92
Counter:1971,dude:0.92
Counter:1972,dude:0.92
Counter:1973,dude:0.92
Counter:1974,dude:0.92
Counter:1975,dude:0.92
Counter:1976,dude:0.92
Counter:1977,dude:0.92
Counter:1978,dude:0.92
Counter:1979,dude:0.92
Counter:1980,dude:0.92
Counter:1981,dude:0.92
Counter:1982,dude:0.92
Counter:1983,dude:0.92
Counter:1984,dude:0.92
Counter:1985,dude:0.92
Counter:1986,dude:0.92
Counter:1987,dude:0.91
Counter:1988,dude:0.91
Counter:1989,dude:0.91
Counter:1990,dude:0.91
Counter:1991,dude:0.91
Counter:1992,dude:0.91
Counter:1993,dude:0.91
Counter:1994,dude:0.91
Counter:1995,dude:0.91
Counter:1996,dude:0.91
Counter:1997,dude:0.91
Counter:1998,dude:0.91
Counter:1999,dude:0.91
Counter:2000,dude:0.91
Counter:2001,dude:0.91
Counter:2002,dude:0.91
Counter:2003,dude:0.91
Counter:2004,dude:0.91
Counter:2005,dude:0.91
Counter:2006,dude:0.91
Counter:2007,dude:0.91
Counter:2008,dude:0.91
Counter:2009,dude:0.91
Counter:2010,dude:0.91
Counter:2011,dude:0.90
Counter:2012,dude:0.90
Counter:2013,dude:0.90
Counter:2014,dude:0.90
Counter:2015,dude:0.90
Counter:2016,dude:0.90
Counter:2017,dude:0.90
Counter:2018,dude:0.90
Counter:2019,dude:0.90
Counter:2020,dude:0.90
Counter:2021,dude:0.90
Counter:2022,dude:0.90
Counter:2023,dude:0.90
Counter:2024,dude:0.90
Counter:2025,dude:0.90
Counter:2026,dude:0.90
Counter:2027,dude:0.90
Counter:2028,dude:0.90
Counter:2029,dude:0.90
Counter:2030,dude:0.90
Counter:2031,dude:0.90
Counter:2032,dude:0.90
Counter:2033,dude:0.90
Counter:2034,dude:0.89
Counter:2035,dude:0.89
Counter:2036,dude:0.89
Counter:2037,dude:0.89
Counter:2038,dude:0.89
Counter:2039,dude:0.89
Counter:2040,dude:0.89
Counter:2041,dude:0.89
Counter:2042,dude:0.89
Counter:2043,dude:0.89
Counter:2044,dude:0.89
Counter:2045,dude:0.89
Counter:2046,dude:0.89
Counter:2047,dude:0.89
Counter:2048,dude:0.89
Counter:2049,dude:0.89
Counter:2050,dude:0.89
Counter:2051,dude:0.89
Counter:2052,dude:0.89
Counter:2053,dude:0.89
Counter:2054,dude:0.89
Counter:2055,dude:0.89
Counter:2056,dude:0.88
Counter:2057,dude:0.88
Counter:2058,dude:0.88
Counter:2059,dude:0.88
Counter:2060,dude:0.88
Counter:2061,dude:0.88
Counter:2062,dude:0.88
Counter:2063,dude:0.88
Counter:2064,dude:0.88